customer_id,preferred_car_type,preferred_car_enc,preferred_trip_types,is_nightlife_user,is_airport_user,is_event_user,prefers_spanish,has_pet,prefers_quiet,price_sensitivity,avg_trip_distance,total_bookings,preferred_music
CST0000,Luxury,2,"nightlife,wedding",1,0,0,0,0,0,0.3,7.1,56,classical
CST0001,Luxury,2,"nightlife,wedding",1,0,0,1,0,0,0.74,3.9,121,latin
CST0002,SUV,1,"nightlife,wedding,event",1,0,1,1,0,0,0.57,11.5,104,latin
CST0003,SUV,1,event,0,0,1,1,0,0,0.36,11.4,74,none
CST0004,Sedan,0,"long_distance,event",0,0,1,0,0,0,0.8,3.7,31,pop
CST0005,Luxury,2,event,0,0,1,0,0,0,0.85,15.5,94,pop
CST0006,Luxury,2,long_distance,0,0,0,0,0,1,0.73,2.3,36,jazz
CST0007,Sedan,0,"event,long_distance",0,0,1,0,0,0,0.73,2.3,84,classical
CST0008,Luxury,2,"airport,event",0,1,1,0,0,1,0.48,16.0,87,classical
CST0009,Luxury,2,"long_distance,event,errand",0,0,1,0,1,1,0.57,56.4,29,hip_hop
CST0010,Sedan,0,"errand,nightlife,event",1,0,1,1,0,0,0.46,4.2,149,classical
CST0011,Sedan,0,wedding,0,0,0,1,0,0,0.38,5.0,98,pop
CST0012,Luxury,2,"airport,nightlife,long_distance",1,1,0,1,0,0,0.25,16.5,106,jazz
CST0013,SUV,1,event,0,0,1,0,0,0,0.46,9.0,16,jazz
CST0014,Convertible,4,long_distance,0,0,0,1,0,0,0.33,4.1,135,hip_hop
CST0015,SUV,1,"airport,event",0,1,1,0,0,0,0.45,3.9,68,classical
CST0016,Convertible,4,"airport,wedding",0,1,0,1,0,0,0.43,9.2,77,latin
CST0017,Sedan,0,"airport,event,errand",0,1,1,0,0,0,0.42,24.7,71,latin
CST0018,Sedan,0,long_distance,0,0,0,0,0,0,0.51,4.6,89,pop
CST0019,Sedan,0,"nightlife,errand",1,0,0,0,1,0,0.81,6.9,66,jazz
CST0020,Luxury,2,"airport,wedding",0,1,0,0,0,0,0.48,16.6,70,pop
CST0021,Luxury,2,long_distance,0,0,0,0,1,1,0.8,3.3,136,pop
CST0022,SUV,1,"airport,nightlife,long_distance",1,1,0,0,0,1,0.8,5.5,36,none
CST0023,Sedan,0,"airport,event,long_distance",0,1,1,0,1,0,0.73,19.0,83,latin
CST0024,Minivan,3,"nightlife,wedding,airport",1,1,0,0,0,0,0.41,3.8,45,hip_hop
CST0025,Luxury,2,nightlife,1,0,0,0,0,0,0.4,17.0,75,none
CST0026,Sedan,0,errand,0,0,0,0,1,0,0.46,2.7,73,hip_hop
CST0027,SUV,1,"long_distance,wedding,event",0,0,1,0,1,0,0.65,4.5,70,pop
CST0028,Sedan,0,errand,0,0,0,1,0,1,0.69,5.2,48,none
CST0029,Sedan,0,"errand,wedding,airport",0,1,0,1,0,0,0.49,11.0,110,classical
CST0030,Sedan,0,"nightlife,event",1,0,1,0,1,1,0.47,18.0,83,pop
CST0031,Sedan,0,errand,0,0,0,0,0,1,0.84,15.0,85,latin
CST0032,Sedan,0,"wedding,long_distance,nightlife",1,0,0,1,0,1,0.67,4.6,31,hip_hop
CST0033,SUV,1,"airport,event",0,1,1,0,0,0,0.81,2.5,80,jazz
CST0034,SUV,1,wedding,0,0,0,0,0,0,0.36,14.0,57,pop
CST0035,Minivan,3,"airport,event",0,1,1,0,0,0,0.55,19.6,141,hip_hop
CST0036,SUV,1,"wedding,airport,long_distance",0,1,0,0,0,0,0.31,7.3,135,hip_hop
CST0037,Luxury,2,"wedding,errand,nightlife",1,0,0,0,1,0,0.53,6.8,130,pop
CST0038,Luxury,2,"long_distance,airport,wedding",0,1,0,1,0,1,0.61,7.4,53,jazz
CST0039,SUV,1,"event,nightlife,wedding",1,0,1,0,0,0,0.69,3.2,117,classical
CST0040,SUV,1,long_distance,0,0,0,0,0,0,0.75,16.0,102,latin
CST0041,Sedan,0,wedding,0,0,0,1,1,0,0.37,5.8,17,classical
CST0042,Luxury,2,nightlife,1,0,0,0,0,1,0.55,14.7,47,pop
CST0043,Sedan,0,"wedding,event,errand",0,0,1,0,0,0,0.47,4.3,97,hip_hop
CST0044,Sedan,0,wedding,0,0,0,0,0,1,0.35,13.1,90,none
CST0045,Sedan,0,long_distance,0,0,0,0,1,0,0.67,22.3,1,none
CST0046,Sedan,0,"event,long_distance",0,0,1,0,0,1,0.57,7.0,118,latin
CST0047,SUV,1,errand,0,0,0,1,0,0,0.39,9.3,9,jazz
CST0048,Convertible,4,"long_distance,nightlife",1,0,0,1,1,0,0.18,2.2,115,classical
CST0049,Sedan,0,"wedding,nightlife,airport",1,1,0,0,0,1,0.19,7.7,56,none
CST0050,SUV,1,long_distance,0,0,0,0,1,0,0.52,16.6,148,latin
CST0051,Sedan,0,"long_distance,errand,airport",0,1,0,1,1,0,0.69,12.3,57,hip_hop
CST0052,Sedan,0,"errand,nightlife",1,0,0,0,0,0,0.59,14.9,45,jazz
CST0053,SUV,1,"event,long_distance,wedding",0,0,1,1,0,0,0.37,11.1,98,classical
CST0054,SUV,1,"wedding,event",0,0,1,0,0,1,0.53,16.0,138,hip_hop
CST0055,SUV,1,airport,0,1,0,1,0,0,0.59,28.1,15,classical
CST0056,Luxury,2,"event,long_distance",0,0,1,0,0,1,0.22,5.1,85,jazz
CST0057,Luxury,2,event,0,0,1,0,1,0,0.22,4.6,49,none
CST0058,Convertible,4,"event,long_distance",0,0,1,0,0,1,0.44,38.9,144,pop
CST0059,Sedan,0,"airport,errand",0,1,0,1,0,1,0.66,5.4,49,jazz
CST0060,Luxury,2,wedding,0,0,0,0,0,1,0.44,2.5,53,hip_hop
CST0061,Sedan,0,long_distance,0,0,0,1,0,0,0.49,6.7,92,latin
CST0062,SUV,1,"errand,long_distance",0,0,0,0,0,0,0.29,13.2,121,latin
CST0063,SUV,1,errand,0,0,0,1,1,0,0.36,2.1,38,none
CST0064,Sedan,0,"long_distance,wedding",0,0,0,0,0,1,0.84,20.1,85,pop
CST0065,Minivan,3,"long_distance,airport",0,1,0,0,0,0,0.41,3.6,66,hip_hop
CST0066,Sedan,0,"wedding,event,long_distance",0,0,1,1,0,1,0.59,7.4,140,hip_hop
CST0067,Sedan,0,long_distance,0,0,0,0,0,0,0.85,8.3,20,jazz
CST0068,Minivan,3,nightlife,1,0,0,0,0,1,0.35,15.8,39,none
CST0069,SUV,1,long_distance,0,0,0,0,1,0,0.69,2.1,124,jazz
CST0070,Luxury,2,"nightlife,wedding",1,0,0,0,0,1,0.59,3.0,71,classical
CST0071,Convertible,4,"nightlife,long_distance",1,0,0,0,0,0,0.33,2.3,46,none
CST0072,Luxury,2,long_distance,0,0,0,1,1,0,0.71,15.7,91,latin
CST0073,Convertible,4,"nightlife,errand",1,0,0,0,0,1,0.59,2.4,58,latin
CST0074,Sedan,0,"nightlife,wedding,long_distance",1,0,0,0,0,0,0.8,4.3,3,jazz
CST0075,SUV,1,nightlife,1,0,0,0,0,0,0.4,5.5,145,none
CST0076,SUV,1,"nightlife,airport,long_distance",1,1,0,0,0,0,0.73,7.0,70,none
CST0077,SUV,1,wedding,0,0,0,0,0,0,0.49,15.9,9,pop
CST0078,SUV,1,"nightlife,airport",1,1,0,0,0,0,0.24,23.7,102,none
CST0079,Luxury,2,"airport,long_distance",0,1,0,1,0,0,0.47,3.4,139,latin
CST0080,Luxury,2,"wedding,airport",0,1,0,0,0,1,0.23,6.3,89,none
CST0081,Sedan,0,event,0,0,1,1,1,0,0.55,5.5,102,latin
CST0082,SUV,1,wedding,0,0,0,1,0,0,0.51,5.7,92,classical
CST0083,Sedan,0,"event,airport",0,1,1,0,0,1,0.73,10.6,76,pop
CST0084,Sedan,0,"nightlife,wedding,errand",1,0,0,1,0,0,0.25,2.3,100,latin
CST0085,SUV,1,"nightlife,wedding",1,0,0,1,0,0,0.42,7.6,70,none
CST0086,Luxury,2,nightlife,1,0,0,1,0,0,0.59,21.9,105,none
CST0087,SUV,1,nightlife,1,0,0,0,1,0,0.28,11.1,84,hip_hop
CST0088,SUV,1,errand,0,0,0,0,0,0,0.46,8.2,144,pop
CST0089,Luxury,2,"long_distance,airport,event",0,1,1,1,0,1,0.44,16.9,38,none
CST0090,SUV,1,event,0,0,1,1,0,0,0.37,2.3,93,latin
CST0091,Sedan,0,wedding,0,0,0,0,0,1,0.1,10.9,28,pop
CST0092,Luxury,2,"nightlife,event",1,0,1,1,0,0,0.23,39.1,85,hip_hop
CST0093,Sedan,0,"event,long_distance",0,0,1,1,0,0,0.27,24.3,52,hip_hop
CST0094,Sedan,0,"airport,event",0,1,1,0,0,0,0.75,6.3,126,classical
CST0095,Sedan,0,errand,0,0,0,0,0,0,0.18,2.7,30,classical
CST0096,SUV,1,long_distance,0,0,0,0,1,0,0.62,2.2,7,jazz
CST0097,Luxury,2,"wedding,airport",0,1,0,0,0,0,0.61,22.9,105,jazz
CST0098,SUV,1,"airport,errand",0,1,0,1,0,0,0.41,2.2,97,none
CST0099,SUV,1,"long_distance,event",0,0,1,0,0,0,0.53,9.1,108,classical
CST0100,SUV,1,errand,0,0,0,0,0,0,0.87,4.5,22,none
CST0101,Minivan,3,wedding,0,0,0,0,1,0,0.65,16.3,145,jazz
CST0102,Luxury,2,"wedding,event,errand",0,0,1,0,0,1,0.42,2.8,67,pop
CST0103,SUV,1,"wedding,long_distance,airport",0,1,0,0,0,0,0.32,7.4,129,pop
CST0104,SUV,1,"nightlife,event",1,0,1,1,0,0,0.29,8.8,30,jazz
CST0105,Luxury,2,errand,0,0,0,1,0,1,0.13,5.6,124,latin
CST0106,SUV,1,"nightlife,event",1,0,1,0,0,1,0.28,10.2,12,jazz
CST0107,Sedan,0,nightlife,1,0,0,0,0,0,0.41,6.2,43,jazz
CST0108,Sedan,0,long_distance,0,0,0,1,1,0,0.51,6.0,119,pop
CST0109,Sedan,0,"wedding,airport",0,1,0,1,0,0,0.45,2.7,51,hip_hop
CST0110,Convertible,4,"event,wedding,nightlife",1,0,1,0,1,0,0.24,18.1,17,classical
CST0111,Sedan,0,long_distance,0,0,0,1,0,0,0.83,5.2,68,jazz
CST0112,SUV,1,"long_distance,errand",0,0,0,0,0,0,0.6,14.1,90,latin
CST0113,Sedan,0,"long_distance,airport",0,1,0,0,0,1,0.48,18.1,22,jazz
CST0114,Sedan,0,errand,0,0,0,1,0,1,0.45,9.2,37,classical
CST0115,SUV,1,"event,long_distance",0,0,1,1,0,1,0.86,13.7,138,jazz
CST0116,Sedan,0,"airport,long_distance,wedding",0,1,0,0,1,1,0.64,4.0,116,classical
CST0117,Sedan,0,errand,0,0,0,0,0,1,0.18,12.6,99,classical
CST0118,Sedan,0,"wedding,event,long_distance",0,0,1,0,0,0,0.58,2.1,126,pop
CST0119,Sedan,0,long_distance,0,0,0,1,0,1,0.57,8.4,71,pop
CST0120,Sedan,0,"errand,airport,event",0,1,1,0,0,0,0.42,19.7,131,none
CST0121,SUV,1,"nightlife,errand,long_distance",1,0,0,0,0,0,0.64,9.3,113,classical
CST0122,Sedan,0,event,0,0,1,1,0,0,0.68,4.8,77,none
CST0123,SUV,1,"errand,wedding",0,0,0,0,1,0,0.44,11.1,31,pop
CST0124,Minivan,3,wedding,0,0,0,0,0,0,0.43,9.2,110,pop
CST0125,Sedan,0,"airport,wedding,long_distance",0,1,0,0,0,0,0.19,5.4,138,pop
CST0126,Sedan,0,"wedding,errand",0,0,0,1,0,0,0.41,12.4,25,pop
CST0127,Luxury,2,"nightlife,errand",1,0,0,0,1,0,0.75,8.2,64,pop
CST0128,Minivan,3,"errand,airport,event",0,1,1,0,0,1,0.3,8.4,107,hip_hop
CST0129,SUV,1,"nightlife,wedding",1,0,0,0,0,0,0.91,5.0,95,hip_hop
CST0130,Sedan,0,"errand,long_distance",0,0,0,1,0,0,0.41,18.5,118,jazz
CST0131,Convertible,4,"wedding,errand,nightlife",1,0,0,0,0,0,0.63,6.1,55,hip_hop
CST0132,Luxury,2,"errand,wedding",0,0,0,1,0,0,0.75,3.1,125,latin
CST0133,SUV,1,"nightlife,wedding,long_distance",1,0,0,0,0,1,0.3,7.5,41,hip_hop
CST0134,Luxury,2,"nightlife,event",1,0,1,1,0,1,0.68,17.2,78,pop
CST0135,Sedan,0,"nightlife,errand",1,0,0,1,0,0,0.07,2.7,43,none
CST0136,Sedan,0,"wedding,errand",0,0,0,0,0,0,0.26,10.1,24,jazz
CST0137,Luxury,2,nightlife,1,0,0,1,1,0,0.53,4.9,133,jazz
CST0138,SUV,1,"nightlife,wedding",1,0,0,0,0,0,0.45,5.6,109,jazz
CST0139,SUV,1,event,0,0,1,1,0,0,0.59,5.6,27,none
CST0140,Minivan,3,"errand,wedding",0,0,0,1,0,0,0.4,11.7,35,jazz
CST0141,Sedan,0,"airport,nightlife,long_distance",1,1,0,0,1,0,0.3,6.3,55,jazz
CST0142,Minivan,3,"airport,event,long_distance",0,1,1,0,1,1,0.38,5.8,32,classical
CST0143,Sedan,0,"event,errand,wedding",0,0,1,1,1,1,0.55,50.8,22,pop
CST0144,SUV,1,"long_distance,wedding,errand",0,0,0,0,0,0,0.66,6.3,78,pop
CST0145,SUV,1,"long_distance,wedding,airport",0,1,0,0,0,1,0.24,15.4,62,hip_hop
CST0146,Minivan,3,"nightlife,airport",1,1,0,0,0,0,0.15,6.1,4,latin
CST0147,Sedan,0,"airport,event",0,1,1,0,0,0,0.6,3.9,45,hip_hop
CST0148,Sedan,0,nightlife,1,0,0,0,1,1,0.31,5.4,16,hip_hop
CST0149,Luxury,2,"errand,long_distance,event",0,0,1,0,0,0,0.52,6.0,138,classical
CST0150,Sedan,0,errand,0,0,0,1,1,0,0.4,2.7,40,classical
CST0151,Minivan,3,"event,long_distance",0,0,1,0,0,0,0.19,7.2,17,latin
CST0152,SUV,1,"event,airport,nightlife",1,1,1,1,0,1,0.66,3.1,15,latin
CST0153,Minivan,3,"wedding,airport,nightlife",1,1,0,1,1,1,0.55,6.2,128,latin
CST0154,SUV,1,"long_distance,errand,airport",0,1,0,0,0,0,0.34,15.3,31,none
CST0155,Convertible,4,"event,errand",0,0,1,0,0,0,0.66,6.6,20,hip_hop
CST0156,SUV,1,"long_distance,errand",0,0,0,1,0,1,0.6,5.9,41,latin
CST0157,Sedan,0,long_distance,0,0,0,0,1,0,0.36,14.9,1,none
CST0158,SUV,1,airport,0,1,0,1,0,0,0.5,6.3,46,none
CST0159,Convertible,4,"wedding,event,airport",0,1,1,1,0,0,0.78,8.8,70,none
CST0160,Sedan,0,"errand,nightlife,long_distance",1,0,0,1,0,0,0.39,4.1,103,none
CST0161,Luxury,2,"errand,wedding",0,0,0,1,0,1,0.76,3.8,52,latin
CST0162,SUV,1,"errand,long_distance,airport",0,1,0,0,0,0,0.43,5.9,51,jazz
CST0163,Luxury,2,"airport,wedding,nightlife",1,1,0,0,1,0,0.16,8.8,3,latin
CST0164,SUV,1,wedding,0,0,0,0,0,1,0.42,2.8,53,classical
CST0165,Sedan,0,event,0,0,1,0,1,0,0.26,25.3,72,none
CST0166,Luxury,2,airport,0,1,0,0,0,0,0.83,38.5,96,hip_hop
CST0167,Luxury,2,"nightlife,long_distance,wedding",1,0,0,0,0,0,0.57,2.6,146,none
CST0168,Sedan,0,"wedding,airport",0,1,0,1,0,1,0.52,6.3,101,jazz
CST0169,Sedan,0,"errand,wedding,event",0,0,1,1,1,1,0.7,5.0,150,none
CST0170,SUV,1,nightlife,1,0,0,1,0,0,0.48,7.2,138,latin
CST0171,Minivan,3,event,0,0,1,1,0,1,0.77,41.2,41,jazz
CST0172,Sedan,0,"wedding,long_distance",0,0,0,1,0,1,0.35,6.2,24,jazz
CST0173,Convertible,4,errand,0,0,0,0,1,1,0.68,6.4,45,none
CST0174,SUV,1,"event,long_distance",0,0,1,0,1,0,0.6,11.4,36,none
CST0175,Sedan,0,nightlife,1,0,0,0,0,1,0.88,47.3,103,latin
CST0176,Sedan,0,"wedding,nightlife,errand",1,0,0,0,1,0,0.79,25.9,51,jazz
CST0177,Minivan,3,"airport,nightlife",1,1,0,0,0,1,0.29,6.3,11,hip_hop
CST0178,SUV,1,airport,0,1,0,0,0,0,0.5,8.5,128,none
CST0179,SUV,1,"wedding,event",0,0,1,1,1,1,0.38,4.4,72,hip_hop
CST0180,Luxury,2,nightlife,1,0,0,0,0,0,0.31,7.4,128,hip_hop
CST0181,Sedan,0,"event,nightlife,long_distance",1,0,1,1,1,1,0.38,4.7,135,pop
CST0182,Sedan,0,"long_distance,nightlife,event",1,0,1,0,0,0,0.16,9.0,125,latin
CST0183,Minivan,3,"long_distance,errand,event",0,0,1,1,1,0,0.5,8.4,8,latin
CST0184,SUV,1,event,0,0,1,0,0,0,0.5,17.8,41,none
CST0185,SUV,1,wedding,0,0,0,1,0,0,0.34,13.1,15,pop
CST0186,Minivan,3,"event,errand,airport",0,1,1,1,0,0,0.65,4.3,92,classical
CST0187,Sedan,0,wedding,0,0,0,0,0,0,0.65,2.7,145,pop
CST0188,Sedan,0,"long_distance,errand",0,0,0,1,1,1,0.89,6.1,57,none
CST0189,Luxury,2,"event,nightlife,errand",1,0,1,0,1,1,0.34,23.6,46,latin
CST0190,Sedan,0,nightlife,1,0,0,1,0,1,0.67,10.7,29,classical
CST0191,Luxury,2,"nightlife,errand",1,0,0,0,0,0,0.55,4.1,87,latin
CST0192,Minivan,3,"airport,wedding",0,1,0,0,0,0,0.52,7.5,125,jazz
CST0193,Luxury,2,"airport,long_distance",0,1,0,0,0,0,0.34,6.2,58,jazz
CST0194,Sedan,0,"airport,event,errand",0,1,1,0,0,1,0.53,14.2,1,jazz
CST0195,Luxury,2,"event,long_distance,nightlife",1,0,1,1,0,0,0.54,10.9,57,jazz
CST0196,Luxury,2,"nightlife,event,airport",1,1,1,1,1,1,0.56,6.5,82,pop
CST0197,SUV,1,"nightlife,errand,event",1,0,1,1,1,0,0.32,3.8,90,latin
CST0198,Luxury,2,wedding,0,0,0,1,0,0,0.15,17.0,43,hip_hop
CST0199,Sedan,0,"event,errand",0,0,1,0,1,0,0.66,7.3,148,jazz
CST0200,Sedan,0,"airport,wedding,event",0,1,1,1,0,1,0.2,4.9,82,latin
CST0201,Minivan,3,nightlife,1,0,0,1,0,1,0.5,25.2,20,classical
CST0202,Luxury,2,errand,0,0,0,0,0,0,0.29,3.0,8,hip_hop
CST0203,Sedan,0,"airport,long_distance,event",0,1,1,1,1,1,0.52,13.1,49,hip_hop
CST0204,Luxury,2,"long_distance,wedding,errand",0,0,0,0,0,1,0.44,11.8,101,classical
CST0205,Luxury,2,"event,airport,nightlife",1,1,1,0,0,1,0.36,2.4,123,pop
CST0206,Luxury,2,nightlife,1,0,0,1,0,0,0.5,16.5,122,none
CST0207,SUV,1,"event,wedding",0,0,1,0,0,1,0.63,6.9,140,hip_hop
CST0208,Luxury,2,errand,0,0,0,0,0,0,0.79,10.9,68,hip_hop
CST0209,Luxury,2,"errand,airport",0,1,0,0,0,1,0.49,6.2,25,none
CST0210,Minivan,3,"errand,long_distance,event",0,0,1,0,0,0,0.58,4.5,100,classical
CST0211,Sedan,0,"long_distance,event",0,0,1,0,1,1,0.39,3.2,102,jazz
CST0212,Sedan,0,long_distance,0,0,0,0,0,0,0.39,5.4,38,none
CST0213,SUV,1,"airport,wedding",0,1,0,0,0,1,0.53,3.2,109,none
CST0214,Convertible,4,"event,airport,long_distance",0,1,1,0,0,0,0.61,6.3,18,none
CST0215,SUV,1,"long_distance,event",0,0,1,0,0,0,0.34,6.3,4,jazz
CST0216,SUV,1,"long_distance,wedding,event",0,0,1,1,1,0,0.41,9.3,150,none
CST0217,Convertible,4,long_distance,0,0,0,0,0,0,0.73,3.8,89,hip_hop
CST0218,SUV,1,"event,wedding",0,0,1,0,0,1,0.52,3.0,104,pop
CST0219,Sedan,0,"long_distance,event,nightlife",1,0,1,0,0,0,0.61,7.7,13,jazz
CST0220,Sedan,0,"errand,wedding",0,0,0,1,0,1,0.41,2.3,72,hip_hop
CST0221,Convertible,4,"wedding,nightlife,airport",1,1,0,1,0,0,0.63,5.3,83,latin
CST0222,SUV,1,"event,long_distance,nightlife",1,0,1,1,1,0,0.29,2.1,125,classical
CST0223,Luxury,2,"nightlife,long_distance",1,0,0,0,1,0,0.51,13.2,104,pop
CST0224,Sedan,0,"long_distance,nightlife,airport",1,1,0,1,0,0,0.5,2.1,64,none
CST0225,SUV,1,"nightlife,errand",1,0,0,0,0,0,0.49,2.0,130,hip_hop
CST0226,Sedan,0,"nightlife,wedding,airport",1,1,0,0,0,1,0.61,6.3,122,classical
CST0227,SUV,1,"errand,wedding,airport",0,1,0,0,0,0,0.28,2.9,24,latin
CST0228,Convertible,4,event,0,0,1,1,0,0,0.78,3.4,55,pop
CST0229,Luxury,2,"airport,wedding,errand",0,1,0,0,0,0,0.47,21.2,3,hip_hop
CST0230,Sedan,0,wedding,0,0,0,1,0,1,0.67,4.3,79,jazz
CST0231,Minivan,3,"wedding,errand,event",0,0,1,0,0,0,0.31,21.2,56,hip_hop
CST0232,Luxury,2,"wedding,long_distance",0,0,0,0,0,1,0.61,5.8,131,jazz
CST0233,SUV,1,"long_distance,wedding",0,0,0,0,0,1,0.29,5.0,17,latin
CST0234,SUV,1,"wedding,errand",0,0,0,0,0,0,0.26,8.3,77,pop
CST0235,Sedan,0,long_distance,0,0,0,0,0,0,0.74,26.9,104,jazz
CST0236,Convertible,4,"wedding,airport",0,1,0,0,0,0,0.41,13.5,67,hip_hop
CST0237,Sedan,0,"event,nightlife",1,0,1,0,0,0,0.31,9.9,88,jazz
CST0238,Sedan,0,"airport,long_distance,event",0,1,1,0,0,0,0.37,2.6,44,jazz
CST0239,Sedan,0,"airport,errand,nightlife",1,1,0,0,0,0,0.82,9.3,144,pop
CST0240,Luxury,2,"errand,nightlife,airport",1,1,0,0,0,1,0.71,4.9,85,latin
CST0241,SUV,1,"long_distance,errand",0,0,0,0,1,1,0.61,3.8,150,classical
CST0242,SUV,1,"nightlife,event,airport",1,1,1,0,0,0,0.72,2.2,77,hip_hop
CST0243,Luxury,2,airport,0,1,0,1,1,0,0.59,5.9,146,hip_hop
CST0244,Sedan,0,errand,0,0,0,0,1,1,0.49,2.0,86,jazz
CST0245,SUV,1,errand,0,0,0,0,1,1,0.39,29.0,44,classical
CST0246,Sedan,0,event,0,0,1,0,0,1,0.33,8.1,112,jazz
CST0247,Sedan,0,"event,wedding",0,0,1,0,0,1,0.56,13.4,52,jazz
CST0248,Sedan,0,"nightlife,errand",1,0,0,0,0,1,0.5,2.4,2,jazz
CST0249,Sedan,0,"airport,wedding,errand",0,1,0,1,1,0,0.59,6.4,79,pop
CST0250,Sedan,0,nightlife,1,0,0,1,0,0,0.45,21.2,135,latin
CST0251,SUV,1,"wedding,airport",0,1,0,1,0,0,0.28,5.6,49,pop
CST0252,Luxury,2,"nightlife,airport",1,1,0,1,0,1,0.44,16.9,6,classical
CST0253,SUV,1,"airport,nightlife,errand",1,1,0,0,0,0,0.57,13.1,66,classical
CST0254,SUV,1,"nightlife,long_distance,wedding",1,0,0,0,0,1,0.25,3.8,30,hip_hop
CST0255,Sedan,0,"event,nightlife",1,0,1,0,0,1,0.28,12.0,3,latin
CST0256,Convertible,4,"wedding,nightlife",1,0,0,0,0,0,0.84,11.8,36,hip_hop
CST0257,Sedan,0,long_distance,0,0,0,0,1,1,0.35,2.3,28,hip_hop
CST0258,Convertible,4,long_distance,0,0,0,1,0,0,0.78,3.3,52,latin
CST0259,Luxury,2,"event,errand,airport",0,1,1,1,0,1,0.61,8.8,124,latin
CST0260,Sedan,0,nightlife,1,0,0,1,1,1,0.38,5.2,147,jazz
CST0261,Luxury,2,"airport,nightlife",1,1,0,0,1,0,0.12,5.3,66,jazz
CST0262,Minivan,3,event,0,0,1,0,0,0,0.54,6.5,26,pop
CST0263,Sedan,0,errand,0,0,0,0,0,0,0.32,3.9,30,none
CST0264,Sedan,0,nightlife,1,0,0,0,0,1,0.86,6.6,92,hip_hop
CST0265,Convertible,4,"errand,nightlife,wedding",1,0,0,0,1,0,0.52,2.4,117,latin
CST0266,Luxury,2,"wedding,event",0,0,1,0,0,0,0.56,9.3,29,pop
CST0267,Sedan,0,"wedding,nightlife,airport",1,1,0,1,0,0,0.87,22.5,146,jazz
CST0268,Luxury,2,"airport,long_distance",0,1,0,0,0,1,0.24,9.4,34,hip_hop
CST0269,SUV,1,"nightlife,event",1,0,1,0,1,0,0.14,15.1,4,jazz
CST0270,Sedan,0,"long_distance,wedding,airport",0,1,0,0,0,1,0.62,4.6,134,jazz
CST0271,SUV,1,"long_distance,nightlife,event",1,0,1,0,1,1,0.61,5.2,99,pop
CST0272,Luxury,2,"long_distance,nightlife,wedding",1,0,0,0,1,0,0.58,2.1,127,pop
CST0273,SUV,1,event,0,0,1,1,0,1,0.28,7.8,130,pop
CST0274,SUV,1,"wedding,event,long_distance",0,0,1,0,1,0,0.75,2.9,147,hip_hop
CST0275,Luxury,2,event,0,0,1,0,1,0,0.48,2.5,5,none
CST0276,SUV,1,"event,nightlife",1,0,1,0,1,1,0.69,2.3,78,classical
CST0277,SUV,1,"airport,event,errand",0,1,1,0,1,1,0.48,2.9,117,latin
CST0278,SUV,1,"long_distance,wedding,event",0,0,1,0,0,0,0.58,18.0,25,jazz
CST0279,SUV,1,nightlife,1,0,0,1,0,0,0.22,7.3,75,classical
CST0280,Luxury,2,"errand,nightlife,long_distance",1,0,0,0,0,0,0.54,7.3,105,none
CST0281,Minivan,3,"long_distance,airport",0,1,0,1,0,0,0.36,17.3,118,pop
CST0282,SUV,1,"errand,nightlife,event",1,0,1,1,0,0,0.34,5.8,32,hip_hop
CST0283,SUV,1,"wedding,long_distance",0,0,0,0,1,0,0.62,3.1,136,jazz
CST0284,SUV,1,long_distance,0,0,0,0,0,0,0.25,20.4,131,pop
CST0285,SUV,1,"long_distance,airport,wedding",0,1,0,1,0,0,0.56,13.4,83,classical
CST0286,Luxury,2,"event,long_distance",0,0,1,0,0,1,0.44,4.0,88,latin
CST0287,SUV,1,"airport,wedding",0,1,0,0,0,0,0.52,35.4,77,jazz
CST0288,Sedan,0,"errand,long_distance,airport",0,1,0,1,0,1,0.51,8.7,89,jazz
CST0289,Sedan,0,wedding,0,0,0,0,0,0,0.57,2.7,83,jazz
CST0290,SUV,1,errand,0,0,0,0,0,0,0.36,23.9,107,jazz
CST0291,Luxury,2,"long_distance,errand,event",0,0,1,0,0,1,0.46,4.6,38,none
CST0292,Sedan,0,"nightlife,airport,errand",1,1,0,0,1,1,0.53,14.8,65,pop
CST0293,Luxury,2,wedding,0,0,0,0,1,0,0.58,34.6,92,hip_hop
CST0294,SUV,1,long_distance,0,0,0,0,0,0,0.73,3.6,144,hip_hop
CST0295,Minivan,3,long_distance,0,0,0,0,0,1,0.58,9.5,13,hip_hop
CST0296,SUV,1,"event,errand",0,0,1,0,1,0,0.27,7.1,52,classical
CST0297,Sedan,0,"airport,errand",0,1,0,0,0,0,0.61,19.3,50,latin
CST0298,Sedan,0,"airport,nightlife",1,1,0,1,1,0,0.58,6.2,97,none
CST0299,SUV,1,"errand,long_distance",0,0,0,1,1,0,0.44,6.4,2,latin
CST0300,SUV,1,"wedding,airport",0,1,0,1,0,0,0.47,18.0,78,hip_hop
CST0301,SUV,1,"long_distance,errand,nightlife",1,0,0,0,0,1,0.54,6.3,48,classical
CST0302,Minivan,3,long_distance,0,0,0,1,0,0,0.46,30.6,90,pop
CST0303,SUV,1,wedding,0,0,0,1,0,1,0.51,3.7,136,hip_hop
CST0304,Sedan,0,"wedding,nightlife,long_distance",1,0,0,0,0,0,0.51,3.5,63,none
CST0305,Sedan,0,"errand,event,nightlife",1,0,1,0,0,1,0.85,6.9,133,latin
CST0306,Luxury,2,"long_distance,event,wedding",0,0,1,1,0,1,0.65,2.3,132,none
CST0307,Sedan,0,airport,0,1,0,0,0,0,0.65,6.5,17,pop
CST0308,Sedan,0,"wedding,airport,event",0,1,1,0,1,0,0.34,7.2,112,jazz
CST0309,SUV,1,wedding,0,0,0,0,1,0,0.67,22.9,10,none
CST0310,Convertible,4,nightlife,1,0,0,1,0,1,0.66,8.9,59,latin
CST0311,Sedan,0,"event,wedding",0,0,1,0,0,1,0.67,8.9,31,classical
CST0312,Sedan,0,wedding,0,0,0,0,1,0,0.67,5.0,12,jazz
CST0313,Sedan,0,errand,0,0,0,0,1,0,0.41,2.0,78,classical
CST0314,Luxury,2,errand,0,0,0,0,0,0,0.45,11.4,8,hip_hop
CST0315,Luxury,2,long_distance,0,0,0,1,0,0,0.47,32.3,140,latin
CST0316,Minivan,3,"airport,errand,long_distance",0,1,0,0,1,0,0.78,11.5,37,none
CST0317,SUV,1,nightlife,1,0,0,0,0,0,0.75,5.4,22,latin
CST0318,SUV,1,wedding,0,0,0,0,0,1,0.3,5.3,132,pop
CST0319,Luxury,2,airport,0,1,0,1,0,1,0.49,2.1,47,jazz
CST0320,SUV,1,"nightlife,long_distance,event",1,0,1,0,1,0,0.44,12.1,65,none
CST0321,SUV,1,wedding,0,0,0,0,0,0,0.67,29.2,61,none
CST0322,Convertible,4,"long_distance,nightlife",1,0,0,0,0,0,0.59,6.7,79,jazz
CST0323,Sedan,0,"airport,long_distance,errand",0,1,0,0,0,1,0.7,2.4,81,pop
CST0324,Sedan,0,wedding,0,0,0,0,0,0,0.43,5.1,35,jazz
CST0325,Sedan,0,"errand,event,long_distance",0,0,1,0,0,0,0.2,9.5,28,pop
CST0326,Sedan,0,"long_distance,nightlife,errand",1,0,0,0,1,0,0.3,3.9,68,jazz
CST0327,Luxury,2,"nightlife,wedding,long_distance",1,0,0,0,0,0,0.41,3.1,149,hip_hop
CST0328,Convertible,4,"airport,nightlife,errand",1,1,0,0,0,0,0.74,8.3,39,latin
CST0329,Sedan,0,"airport,long_distance",0,1,0,0,0,0,0.43,11.7,131,none
CST0330,Sedan,0,"errand,long_distance",0,0,0,1,1,0,0.35,14.9,43,classical
CST0331,Sedan,0,event,0,0,1,1,0,0,0.68,14.0,38,jazz
CST0332,Minivan,3,"event,errand,nightlife",1,0,1,1,0,1,0.21,2.5,95,pop
CST0333,Luxury,2,wedding,0,0,0,1,0,0,0.64,13.6,121,hip_hop
CST0334,Sedan,0,nightlife,1,0,0,0,0,0,0.42,11.4,134,jazz
CST0335,Convertible,4,"wedding,errand",0,0,0,0,0,0,0.12,3.4,97,latin
CST0336,Luxury,2,"wedding,nightlife,errand",1,0,0,0,0,0,0.73,8.9,91,latin
CST0337,Minivan,3,"event,long_distance",0,0,1,1,0,0,0.18,4.1,59,none
CST0338,SUV,1,"wedding,errand,airport",0,1,0,1,1,0,0.76,4.4,31,jazz
CST0339,SUV,1,event,0,0,1,0,0,0,0.36,15.2,123,hip_hop
CST0340,Luxury,2,long_distance,0,0,0,1,0,1,0.4,10.3,12,pop
CST0341,SUV,1,"long_distance,airport,wedding",0,1,0,0,1,0,0.55,6.6,15,pop
CST0342,Sedan,0,"airport,long_distance",0,1,0,0,0,0,0.39,3.4,5,jazz
CST0343,Sedan,0,"wedding,errand,nightlife",1,0,0,1,0,0,0.36,2.9,124,pop
CST0344,SUV,1,event,0,0,1,0,0,0,0.58,3.0,47,classical
CST0345,Sedan,0,"long_distance,errand,airport",0,1,0,0,0,0,0.71,24.9,18,pop
CST0346,SUV,1,"event,airport",0,1,1,1,1,0,0.5,4.6,130,jazz
CST0347,SUV,1,"airport,long_distance",0,1,0,1,0,0,0.5,11.5,10,classical
CST0348,Luxury,2,"nightlife,wedding,event",1,0,1,0,0,0,0.31,10.4,1,jazz
CST0349,Convertible,4,"event,long_distance,wedding",0,0,1,0,1,0,0.74,16.0,59,hip_hop
CST0350,Luxury,2,"errand,long_distance",0,0,0,0,0,0,0.51,23.1,148,none
CST0351,SUV,1,"airport,errand",0,1,0,0,1,0,0.52,5.6,73,classical
CST0352,SUV,1,"event,errand,airport",0,1,1,1,0,1,0.36,4.5,134,none
CST0353,Sedan,0,"nightlife,event,airport",1,1,1,0,0,0,0.71,18.3,40,hip_hop
CST0354,Minivan,3,"long_distance,errand,wedding",0,0,0,0,0,0,0.65,15.8,71,jazz
CST0355,Sedan,0,"airport,event",0,1,1,0,0,1,0.44,2.9,144,classical
CST0356,Minivan,3,"errand,wedding",0,0,0,0,0,0,0.26,8.3,36,jazz
CST0357,Sedan,0,wedding,0,0,0,1,0,0,0.82,3.6,26,pop
CST0358,Sedan,0,"event,errand,nightlife",1,0,1,1,0,1,0.54,5.2,24,pop
CST0359,Sedan,0,"long_distance,event",0,0,1,1,0,0,0.31,12.8,10,jazz
CST0360,Luxury,2,"event,long_distance",0,0,1,0,0,0,0.79,11.0,15,pop
CST0361,Minivan,3,"event,wedding,nightlife",1,0,1,1,0,0,0.64,15.4,74,pop
CST0362,SUV,1,long_distance,0,0,0,0,0,0,0.47,2.5,10,latin
CST0363,Luxury,2,wedding,0,0,0,1,1,0,0.51,27.4,103,latin
CST0364,Sedan,0,"event,wedding,airport",0,1,1,0,0,1,0.22,4.1,24,classical
CST0365,SUV,1,"wedding,long_distance",0,0,0,0,0,0,0.44,7.6,71,pop
CST0366,Minivan,3,"airport,event,long_distance",0,1,1,0,0,0,0.65,11.2,28,classical
CST0367,SUV,1,long_distance,0,0,0,1,0,0,0.67,35.1,66,classical
CST0368,Sedan,0,"errand,event,long_distance",0,0,1,0,0,0,0.13,21.7,118,jazz
CST0369,Sedan,0,"long_distance,nightlife",1,0,0,0,0,0,0.15,3.5,57,jazz
CST0370,Convertible,4,"airport,errand,event",0,1,1,0,0,1,0.36,3.7,68,pop
CST0371,Sedan,0,"nightlife,event",1,0,1,0,0,1,0.38,3.1,46,hip_hop
CST0372,SUV,1,"errand,airport",0,1,0,0,0,0,0.28,11.0,49,hip_hop
CST0373,Luxury,2,"airport,wedding,long_distance",0,1,0,0,1,1,0.19,16.3,64,classical
CST0374,Convertible,4,"airport,nightlife",1,1,0,1,1,0,0.34,35.9,127,classical
CST0375,Luxury,2,long_distance,0,0,0,0,0,0,0.68,21.3,81,hip_hop
CST0376,SUV,1,"errand,event,airport",0,1,1,0,0,1,0.8,13.5,57,classical
CST0377,Minivan,3,nightlife,1,0,0,0,0,0,0.54,2.6,9,classical
CST0378,Sedan,0,"event,airport",0,1,1,0,1,0,0.43,12.2,81,jazz
CST0379,Sedan,0,nightlife,1,0,0,0,0,1,0.86,4.1,93,classical
CST0380,Luxury,2,"airport,long_distance",0,1,0,1,0,0,0.89,21.2,88,latin
CST0381,Sedan,0,event,0,0,1,0,0,0,0.53,21.8,94,hip_hop
CST0382,SUV,1,"event,airport",0,1,1,0,0,0,0.39,3.4,26,jazz
CST0383,Sedan,0,"airport,long_distance",0,1,0,0,0,1,0.54,2.7,39,hip_hop
CST0384,Sedan,0,airport,0,1,0,0,1,0,0.49,36.3,133,classical
CST0385,Luxury,2,"errand,event,wedding",0,0,1,1,0,1,0.47,9.0,26,jazz
CST0386,Minivan,3,nightlife,1,0,0,1,0,0,0.66,12.5,25,hip_hop
CST0387,Sedan,0,"errand,wedding,long_distance",0,0,0,0,0,0,0.85,8.1,89,none
CST0388,Convertible,4,"nightlife,errand",1,0,0,0,0,1,0.69,9.2,148,jazz
CST0389,Minivan,3,"long_distance,airport,errand",0,1,0,0,0,0,0.88,3.2,115,none
CST0390,Sedan,0,"long_distance,errand",0,0,0,0,0,0,0.49,7.6,87,hip_hop
CST0391,Sedan,0,"long_distance,wedding,event",0,0,1,0,1,1,0.32,2.1,59,latin
CST0392,Sedan,0,"wedding,errand",0,0,0,0,0,0,0.12,6.4,114,latin
CST0393,Luxury,2,"long_distance,wedding,event",0,0,1,0,1,1,0.76,9.1,61,jazz
CST0394,Sedan,0,"wedding,nightlife",1,0,0,1,0,1,0.79,4.4,122,classical
CST0395,Minivan,3,nightlife,1,0,0,0,0,0,0.2,9.9,27,latin
CST0396,SUV,1,"airport,nightlife,event",1,1,1,1,1,1,0.47,21.9,33,pop
CST0397,Luxury,2,"airport,nightlife,long_distance",1,1,0,0,0,1,0.76,3.7,122,hip_hop
CST0398,SUV,1,"errand,long_distance,event",0,0,1,1,0,0,0.57,8.1,117,jazz
CST0399,SUV,1,"wedding,long_distance,event",0,0,1,0,0,1,0.31,9.8,89,hip_hop
CST0400,SUV,1,"airport,nightlife,event",1,1,1,1,0,1,0.3,22.9,3,none
CST0401,Luxury,2,"airport,errand,long_distance",0,1,0,0,1,0,0.77,2.9,123,latin
CST0402,Convertible,4,event,0,0,1,0,0,0,0.81,14.0,141,latin
CST0403,Luxury,2,event,0,0,1,0,0,1,0.78,5.9,100,hip_hop
CST0404,Luxury,2,errand,0,0,0,1,0,0,0.48,6.2,70,latin
CST0405,Sedan,0,"wedding,long_distance,errand",0,0,0,0,0,1,0.6,11.1,75,none
CST0406,Luxury,2,"event,long_distance,wedding",0,0,1,1,0,1,0.24,2.4,5,pop
CST0407,SUV,1,long_distance,0,0,0,1,0,1,0.26,6.1,33,jazz
CST0408,Minivan,3,"wedding,nightlife",1,0,0,1,1,0,0.41,21.1,88,hip_hop
CST0409,Sedan,0,"event,errand",0,0,1,0,0,1,0.63,15.1,38,none
CST0410,Minivan,3,"event,nightlife",1,0,1,0,1,0,0.56,10.3,65,hip_hop
CST0411,Sedan,0,nightlife,1,0,0,0,0,0,0.3,10.8,114,pop
CST0412,Luxury,2,"nightlife,airport,event",1,1,1,0,1,0,0.81,2.6,54,hip_hop
CST0413,Luxury,2,"wedding,errand",0,0,0,0,1,0,0.76,10.4,141,classical
CST0414,Sedan,0,errand,0,0,0,0,0,0,0.83,7.8,14,jazz
CST0415,Sedan,0,nightlife,1,0,0,1,0,1,0.44,32.9,71,classical
CST0416,SUV,1,event,0,0,1,0,1,1,0.49,8.3,122,jazz
CST0417,Sedan,0,"airport,errand,nightlife",1,1,0,1,0,0,0.47,12.2,87,jazz
CST0418,Sedan,0,nightlife,1,0,0,0,1,0,0.29,10.2,28,pop
CST0419,Sedan,0,"airport,errand",0,1,0,0,0,0,0.37,6.5,113,jazz
CST0420,Sedan,0,nightlife,1,0,0,0,0,1,0.7,15.5,11,hip_hop
CST0421,Minivan,3,"event,long_distance,errand",0,0,1,0,0,0,0.53,17.1,140,latin
CST0422,SUV,1,"wedding,event",0,0,1,1,0,0,0.43,6.1,142,pop
CST0423,Sedan,0,long_distance,0,0,0,1,0,1,0.75,7.3,94,hip_hop
CST0424,Sedan,0,wedding,0,0,0,0,0,0,0.7,4.9,94,classical
CST0425,Sedan,0,errand,0,0,0,0,0,0,0.19,6.7,100,pop
CST0426,Convertible,4,"wedding,event,airport",0,1,1,0,0,0,0.82,13.4,29,none
CST0427,Sedan,0,"wedding,nightlife,long_distance",1,0,0,0,1,0,0.38,5.3,52,none
CST0428,SUV,1,"airport,nightlife",1,1,0,1,0,0,0.5,5.5,126,classical
CST0429,Luxury,2,"wedding,long_distance,errand",0,0,0,1,1,0,0.57,3.7,4,pop
CST0430,Minivan,3,"event,nightlife,wedding",1,0,1,0,1,0,0.21,4.5,107,latin
CST0431,Luxury,2,"nightlife,long_distance,errand",1,0,0,0,0,0,0.53,2.0,20,pop
CST0432,Convertible,4,"nightlife,wedding,airport",1,1,0,0,1,0,0.51,3.3,64,classical
CST0433,Sedan,0,"airport,long_distance,event",0,1,1,0,0,0,0.66,2.1,118,jazz
CST0434,Sedan,0,"event,nightlife,airport",1,1,1,0,0,0,0.68,7.0,41,classical
CST0435,SUV,1,"event,errand,long_distance",0,0,1,0,0,0,0.54,7.7,106,jazz
CST0436,SUV,1,"wedding,errand",0,0,0,0,0,1,0.54,2.4,141,jazz
CST0437,Sedan,0,"errand,event",0,0,1,0,0,0,0.69,3.3,73,classical
CST0438,Sedan,0,long_distance,0,0,0,1,0,1,0.77,6.2,57,pop
CST0439,Convertible,4,"nightlife,errand",1,0,0,0,0,0,0.47,7.7,147,pop
CST0440,SUV,1,nightlife,1,0,0,0,1,1,0.59,9.2,150,pop
CST0441,Sedan,0,errand,0,0,0,0,1,0,0.34,3.2,56,jazz
CST0442,Sedan,0,wedding,0,0,0,1,0,0,0.42,11.4,148,none
CST0443,Sedan,0,"wedding,errand,nightlife",1,0,0,0,0,1,0.65,11.7,15,latin
CST0444,SUV,1,"event,wedding",0,0,1,0,1,0,0.68,4.4,3,jazz
CST0445,Sedan,0,"event,nightlife,errand",1,0,1,0,0,0,0.54,6.1,84,classical
CST0446,SUV,1,"airport,wedding,nightlife",1,1,0,0,0,0,0.46,5.7,148,classical
CST0447,Sedan,0,airport,0,1,0,0,0,1,0.7,2.9,87,none
CST0448,SUV,1,"long_distance,nightlife",1,0,0,0,0,0,0.41,8.5,112,jazz
CST0449,Sedan,0,airport,0,1,0,0,1,0,0.16,18.1,147,pop
CST0450,Minivan,3,"long_distance,wedding,airport",0,1,0,1,0,0,0.62,13.3,148,none
CST0451,SUV,1,wedding,0,0,0,0,0,1,0.27,7.0,89,classical
CST0452,Sedan,0,"nightlife,errand,airport",1,1,0,0,0,0,0.63,9.7,114,classical
CST0453,Luxury,2,event,0,0,1,1,0,1,0.52,3.4,96,pop
CST0454,Convertible,4,"nightlife,wedding,long_distance",1,0,0,1,0,1,0.4,4.9,74,none
CST0455,SUV,1,"wedding,nightlife",1,0,0,1,0,1,0.25,4.4,138,pop
CST0456,SUV,1,long_distance,0,0,0,0,0,0,0.59,13.5,37,jazz
CST0457,Luxury,2,"wedding,nightlife,event",1,0,1,0,0,1,0.29,29.2,44,none
CST0458,SUV,1,"airport,long_distance",0,1,0,1,0,0,0.45,18.2,18,hip_hop
CST0459,Minivan,3,"errand,wedding,nightlife",1,0,0,1,0,0,0.45,14.2,60,hip_hop
CST0460,SUV,1,"wedding,nightlife,errand",1,0,0,0,0,1,0.52,5.8,51,classical
CST0461,SUV,1,"long_distance,nightlife",1,0,0,1,0,1,0.74,10.9,126,hip_hop
CST0462,Sedan,0,"airport,nightlife,errand",1,1,0,0,0,1,0.63,10.3,129,latin
CST0463,Sedan,0,wedding,0,0,0,1,0,0,0.22,2.7,8,classical
CST0464,Sedan,0,"airport,wedding",0,1,0,1,0,1,0.72,2.3,98,classical
CST0465,Luxury,2,"long_distance,airport,event",0,1,1,1,1,0,0.31,3.5,85,hip_hop
CST0466,Sedan,0,"airport,wedding,long_distance",0,1,0,0,0,1,0.67,10.4,36,latin
CST0467,Luxury,2,"wedding,long_distance,airport",0,1,0,0,0,0,0.39,9.3,145,pop
CST0468,Luxury,2,"nightlife,long_distance",1,0,0,0,0,1,0.54,22.3,38,jazz
CST0469,Convertible,4,errand,0,0,0,0,0,0,0.41,2.5,114,jazz
CST0470,SUV,1,"wedding,errand,airport",0,1,0,0,1,1,0.89,5.5,69,classical
CST0471,Sedan,0,"long_distance,airport,wedding",0,1,0,1,1,1,0.18,23.9,123,pop
CST0472,Minivan,3,"long_distance,event,errand",0,0,1,1,0,0,0.6,2.2,42,pop
CST0473,Sedan,0,nightlife,1,0,0,0,0,0,0.5,4.6,106,pop
CST0474,SUV,1,"wedding,airport,long_distance",0,1,0,1,0,0,0.56,39.4,126,jazz
CST0475,Sedan,0,"event,airport",0,1,1,0,0,0,0.53,11.2,98,jazz
CST0476,Minivan,3,"event,long_distance",0,0,1,0,0,0,0.22,7.7,10,classical
CST0477,Minivan,3,event,0,0,1,0,0,0,0.47,3.8,63,classical
CST0478,SUV,1,"event,nightlife,wedding",1,0,1,0,0,1,0.42,37.6,75,hip_hop
CST0479,SUV,1,"errand,wedding",0,0,0,0,0,0,0.6,25.6,14,jazz
CST0480,Luxury,2,"airport,event,long_distance",0,1,1,1,0,1,0.11,19.1,150,jazz
CST0481,SUV,1,"airport,event,long_distance",0,1,1,1,1,0,0.37,3.1,52,hip_hop
CST0482,SUV,1,errand,0,0,0,1,0,0,0.73,29.7,42,jazz
CST0483,SUV,1,"nightlife,wedding,long_distance",1,0,0,0,0,1,0.41,5.1,99,jazz
CST0484,Minivan,3,"long_distance,airport,event",0,1,1,0,1,1,0.75,5.4,86,classical
CST0485,Sedan,0,"airport,wedding,long_distance",0,1,0,1,0,0,0.53,2.5,80,jazz
CST0486,SUV,1,"errand,airport",0,1,0,1,1,1,0.44,29.8,65,none
CST0487,Luxury,2,"event,wedding",0,0,1,0,1,0,0.39,3.1,61,pop
CST0488,SUV,1,"wedding,event,long_distance",0,0,1,0,1,0,0.8,7.4,63,classical
CST0489,Convertible,4,"long_distance,wedding",0,0,0,0,1,1,0.65,4.8,15,jazz
CST0490,SUV,1,"nightlife,airport",1,1,0,0,0,0,0.61,14.1,77,latin
CST0491,Sedan,0,nightlife,1,0,0,1,0,1,0.63,15.2,73,classical
CST0492,Luxury,2,"wedding,long_distance,airport",0,1,0,0,0,0,0.43,14.8,10,none
CST0493,SUV,1,"errand,wedding",0,0,0,0,0,0,0.65,3.4,141,none
CST0494,Sedan,0,"event,airport",0,1,1,1,0,1,0.68,54.3,106,classical
CST0495,Sedan,0,wedding,0,0,0,1,1,0,0.3,20.6,136,none
CST0496,Minivan,3,"wedding,long_distance",0,0,0,0,0,1,0.78,9.5,82,latin
CST0497,Sedan,0,"long_distance,wedding,errand",0,0,0,0,0,0,0.79,7.6,128,hip_hop
CST0498,Sedan,0,long_distance,0,0,0,1,0,1,0.26,2.1,31,none
CST0499,Luxury,2,"wedding,nightlife",1,0,0,0,1,0,0.21,26.8,107,hip_hop
